source,author,title,description,url,publishedAt,sentiment
Crypto Briefing,Vivian Nguyen,Microsoft tests AI image editing and Bing search tools in Windows 11 File Explorer,"Microsoft's integration of AI in File Explorer could streamline workflows, enhance user experience, and drive broader AI adoption in everyday tasks.
The post Microsoft tests AI image editing and Bing search tools in Windows 11 File Explorer appeared first on …",https://cryptobriefing.com/microsoft-ai-image-editing-bing-search-windows11-file-explorer/,2025-09-09T12:44:23Z,Positive
Biztoc.com,thestreet.com,Analyst surprisingly cuts Nvidia stock target amid a growing threat,"has lost more than 7% since the company posted quarterly earnings on Aug. 27, though shares remain up 25% year to date.
The artificial intelligence chipmaker has been a massive beneficiary of the generative AI boom following the launch of ChatGPT. Its shares …",https://biztoc.com/x/413f59717a8f3f3b,2025-09-09T12:43:09Z,Negative
GlobeNewswire,ASTRADYNE INC (Astral Dynamic Networks),Under Wraps: Astral Dynamic Networks Quietly Builds the Future of Cognitive Communication,"Astradyne positions its UCCM™ as a new class of technology - a secure, scalable neural framework transforming infrastructure industries and society.
 ......",https://www.globenewswire.com/news-release/2025/09/09/3146922/0/en/Under-Wraps-Astral-Dynamic-Networks-Quietly-Builds-the-Future-of-Cognitive-Communication.html,2025-09-09T12:41:00Z,Positive
National Observer,Anja Karadeglija,Ottawa drafts a public registry of AI projects as tech spreads through government,The federal government says it plans to launch a public registry to keep Canadians in the loop on its growing use of artificial intelligence.,https://www.nationalobserver.com/2025/09/09/news/ottawa-drafts-public-registry-ai-projects-tech-spreads-through-government,2025-09-09T12:40:04Z,Neutral
Memeorandum.com,,Nvidia Accuses Rivals of Being A.I. Doomers as US Debates Sale of Chips to China (New York Times),"New York Times:
Nvidia Accuses Rivals of Being A.I. Doomers as US Debates Sale of Chips to China  —  Rankling national security experts, the chipmaker has stepped up attacks on lawmakers who are pushing restrictions.  —  With the Trump administration loosenin…",https://www.memeorandum.com/250909/p25,2025-09-09T12:40:00Z,Negative
Financial Post,Business Wire,Eaton Delivers Edge-Based Innovation to Help Mitigate the Impact of AI Power Bursting on Both Data Centers and the Grid,"Industry-first solution helps customers detect AI load spikes to enhance resiliency of critical data center and grid infrastructure New solution furthers Eaton’s grid-to-chip strategy, using power management innovation to meet critical data center energy chal…",https://financialpost.com/pmn/business-wire-news-releases-pmn/eaton-delivers-edge-based-innovation-to-help-mitigate-the-impact-of-ai-power-bursting-on-both-data-centers-and-the-grid,2025-09-09T12:35:59Z,Positive
Financial Post,Business Wire,Qlik Announces Canada Cloud Region to Empower Data Sovereignty and AI Innovation,"New Qlik Cloud region powered by AWS in Canada will support data residency, lower latency, and governed AI. Qlik will pursue the Canadian Centre for Cyber Security Medium assessment. TORONTO — Qlik®, a global leader in data integration, data quality, analytic…",https://financialpost.com/pmn/business-wire-news-releases-pmn/qlik-announces-canada-cloud-region-to-empower-data-sovereignty-and-ai-innovation,2025-09-09T12:35:38Z,Positive
RTE,RTÉ News,Irish business confidence in AI surges over past 6 months,"Irish medium-sized businesses' confidence in artificial intelligence has increased over the past six months, new research shows.",https://www.rte.ie/news/business/2025/0909/1532582-irish-business-confidence-in-ai-surges-over-past-6-months/,2025-09-09T12:34:57Z,Positive
Wired,Will Knight,The United Arab Emirates Releases a Tiny But Powerful AI Model,"K2 Think compares well with reasoning models from OpenAI and DeepSeek but is smaller and more efficient, say researchers based in Abu Dhabi.",https://www.wired.com/story/uae-releases-a-tiny-but-powerful-reasoning-model/,2025-09-09T12:33:44Z,Positive
Biztoc.com,breakingthenews.net,Eli Lilly launches AI platform for drug discovery models,"Eli Lilly and Company shared on Tuesday that it launched TuneLab, an artificial intelligence and machine learning platform that allows biotech companies to access drug discovery models trained on its ...",https://biztoc.com/x/873133c60ddc9497,2025-09-09T12:32:04Z,Positive
